{
    "R": [
        [
            0.99948284,
            0.00112413,
            -0.03213697
        ],
        [
            0.00112413,
            0.99755653,
            0.06985494
        ],
        [
            0.03213697,
            -0.06985494,
            0.99703937
        ]
    ],
    "x_center": 0.063,
    "y_center": -0.972
}