{
    "R": [
        [
            0.9993463666801521,
            0.0016091008871133082,
            -0.03611440429405037
        ],
        [
            0.0016091008871133082,
            0.9960387489647693,
            0.08890568797907417
        ],
        [
            0.03611440429405037,
            -0.08890568797907417,
            0.9953851156449214
        ]
    ],
    "x_center": 0.0775687537849476,
    "y_center": 1.5422409934051045
}